"","ST","education","race","n","weighted_share_of_state","state"
"1",1,1,1,1052657,0.220344393495441,"al"
"2",1,1,2,539240,0.112874859283206,"al"
"3",1,1,3,115108,0.0240946504383414,"al"
"4",1,1,4,18090,0.00378663712712928,"al"
"5",1,1,5,42842,0.00896777820898134,"al"
"6",1,2,1,776016,0.162437313258505,"al"
"7",1,2,2,300798,0.0629636746581665,"al"
"8",1,2,3,33399,0.00699114944217749,"al"
"9",1,2,4,8084,0.0016921600075021,"al"
"10",1,2,5,15909,0.00333010558626311,"al"
"11",1,3,1,615533,0.128844671684537,"al"
"12",1,3,2,233978,0.0489767706872003,"al"
"13",1,3,3,17021,0.00356287178224806,"al"
"14",1,3,4,6630,0.00138780564692466,"al"
"15",1,3,5,15066,0.00315364704020617,"al"
"16",1,4,1,174649,0.0365578987073522,"al"
"17",1,4,2,59598,0.0124751796297762,"al"
"18",1,4,3,4255,0.000890665615032342,"al"
"19",1,4,4,2094,0.000438320516540006,"al"
"20",1,4,5,4462,0.000933995293601483,"al"
"21",1,5,1,379508,0.0794394186203747,"al"
"22",1,5,2,77534,0.0162295811506269,"al"
"23",1,5,3,8573,0.00179451852354225,"al"
"24",1,5,4,9539,0.00199672369019824,"al"
"25",1,5,5,6059,0.00126828271715181,"al"
"26",1,6,1,204521,0.0428107690369047,"al"
"27",1,6,2,39260,0.00821798637982838,"al"
"28",1,6,3,3741,0.00078307404602491,"al"
"29",1,6,4,9410,0.00196972113688704,"al"
"30",1,6,5,3752,0.000785376589330517,"al"
"31",2,1,1,117123,0.164697759509744,"ak"
"32",2,1,2,7364,0.0103552188812595,"ak"
"33",2,1,3,19000,0.0267177021651182,"ak"
"34",2,1,4,14553,0.0204643536636298,"ak"
"35",2,1,5,76628,0.107753899026773,"ak"
"36",2,2,1,89820,0.126304421498469,"ak"
"37",2,2,2,4742,0.00666817598247319,"ak"
"38",2,2,3,6764,0.00951150197078208,"ak"
"39",2,2,4,9592,0.0134882210088323,"ak"
"40",2,2,5,39297,0.0552592390517184,"ak"
"41",2,3,1,112869,0.158715806614459,"ak"
"42",2,3,2,6048,0.00850466645761237,"ak"
"43",2,3,3,7876,0.0110751906448669,"ak"
"44",2,3,4,6586,0.00926119928734045,"ak"
"45",2,3,5,27142,0.0381669406402968,"ak"
"46",2,4,1,29756,0.0418427339802767,"ak"
"47",2,4,2,1832,0.00257614896665771,"ak"
"48",2,4,3,2398,0.00337205525220808,"ak"
"49",2,4,4,1246,0.00175211878409144,"ak"
"50",2,4,5,4030,0.00566696524870665,"ak"
"51",2,5,1,66162,0.0930366637183448,"ak"
"52",2,5,2,2081,0.00292629148450584,"ak"
"53",2,5,3,2802,0.00394015797192954,"ak"
"54",2,5,4,4534,0.00637568745350768,"ak"
"55",2,5,5,5634,0.00792250178938295,"ak"
"56",2,6,1,39190,0.0551087762026833,"ak"
"57",2,6,2,844,0.00118682845407157,"ak"
"58",2,6,3,1381,0.00194195508894886,"ak"
"59",2,6,4,1624,0.00228366043769221,"ak"
"60",2,6,5,2221,0.00312315876361724,"ak"
"61",4,1,1,894680,0.139554348875577,"az"
"62",4,1,2,91510,0.0142739509831494,"az"
"63",4,1,3,1116130,0.174096655128647,"az"
"64",4,1,4,53459,0.00833866403243561,"az"
"65",4,1,5,193825,0.0302332919823946,"az"
"66",4,2,1,737399,0.11502127834142,"az"
"67",4,2,2,44872,0.00699924301733011,"az"
"68",4,2,3,340514,0.053114196755285,"az"
"69",4,2,4,19776,0.00308470827934392,"az"
"70",4,2,5,76803,0.0119799175757712,"az"
"71",4,3,1,907400,0.141538445220301,"az"
"72",4,3,2,58524,0.00912871497473319,"az"
"73",4,3,3,270119,0.0421338145078934,"az"
"74",4,3,4,25256,0.00393949192471228,"az"
"75",4,3,5,69418,0.0108279874259454,"az"
"76",4,4,1,261369,0.0407689683588107,"az"
"77",4,4,2,15490,0.00241616763991896,"az"
"78",4,4,3,66072,0.0103060702585362,"az"
"79",4,4,4,8896,0.00138761958197024,"az"
"80",4,4,5,18083,0.00282063004729855,"az"
"81",4,5,1,579702,0.0904233191217753,"az"
"82",4,5,2,22310,0.00347996772411827,"az"
"83",4,5,3,78638,0.012266145311036,"az"
"84",4,5,4,39931,0.00622853389474525,"az"
"85",4,5,5,18696,0.00291624726894286,"az"
"86",4,6,1,322224,0.0502612783476595,"az"
"87",4,6,2,12109,0.00188879108791341,"az"
"88",4,6,3,31253,0.0048749184796893,"az"
"89",4,6,4,27098,0.00422681153689632,"az"
"90",4,6,5,9423,0.00146982231574928,"az"
"91",5,1,1,701309,0.24047309465322,"ar"
"92",5,1,2,201124,0.0689637673108918,"ar"
"93",5,1,3,126603,0.0434111286214516,"ar"
"94",5,1,4,12125,0.00415756288978224,"ar"
"95",5,1,5,36343,0.0124617161322355,"ar"
"96",5,2,1,605787,0.207719385592784,"ar"
"97",5,2,2,114459,0.0392470507877596,"ar"
"98",5,2,3,32182,0.0110349434159977,"ar"
"99",5,2,4,5208,0.0017857804148442,"ar"
"100",5,2,5,14624,0.00501444945980828,"ar"
"101",5,3,1,427771,0.146679161643302,"ar"
"102",5,3,2,80625,0.0276456501433973,"ar"
"103",5,3,3,14040,0.00481420065752929,"ar"
"104",5,3,4,6398,0.00219382163866612,"ar"
"105",5,3,5,11927,0.00408967031640682,"ar"
"106",5,4,1,102125,0.03501782351497,"ar"
"107",5,4,2,17522,0.00600814985193933,"ar"
"108",5,4,3,3989,0.00136779532926527,"ar"
"109",5,4,4,1311,0.000449531129773568,"ar"
"110",5,4,5,2777,0.000952210486179404,"ar"
"111",5,5,1,227049,0.0778532368298694,"ar"
"112",5,5,2,25498,0.00874305472690041,"ar"
"113",5,5,3,5419,0.00185813058142103,"ar"
"114",5,5,4,4745,0.00162702151851684,"ar"
"115",5,5,5,4921,0.00168737047262832,"ar"
"116",5,6,1,110248,0.0378031334822855,"ar"
"117",5,6,2,10938,0.00375055034131448,"ar"
"118",5,6,3,2596,0.000890147073144304,"ar"
"119",5,6,4,4528,0.00155261400123167,"ar"
"120",5,6,5,2181,0.000747846982483716,"ar"
"121",6,1,1,3351552,0.0897935939460311,"ca"
"122",6,1,2,723689,0.0193888193318228,"ca"
"123",6,1,3,8325106,0.223043290905726,"ca"
"124",6,1,4,1482367,0.0397150515573073,"ca"
"125",6,1,5,581276,0.015573340683532,"ca"
"126",6,2,1,2572625,0.0689248576854569,"ca"
"127",6,2,2,412957,0.0110637976600605,"ca"
"128",6,2,3,2397924,0.0642443303787149,"ca"
"129",6,2,4,598084,0.0160236546655454,"ca"
"130",6,2,5,185233,0.00496269691993595,"ca"
"131",6,3,1,3449287,0.0924120754448458,"ca"
"132",6,3,2,557286,0.0149306091016365,"ca"
"133",6,3,3,1985462,0.0531937945833079,"ca"
"134",6,3,4,752227,0.0201533993186563,"ca"
"135",6,3,5,260787,0.00698691292404343,"ca"
"136",6,4,1,1075007,0.0288012067385919,"ca"
"137",6,4,2,145172,0.0038893967989556,"ca"
"138",6,4,3,462033,0.0123786244676098,"ca"
"139",6,4,4,290761,0.00778996571419508,"ca"
"140",6,4,5,73220,0.00196168430289263,"ca"
"141",6,5,1,2828001,0.0757668010142674,"ca"
"142",6,5,2,208528,0.00558680830802505,"ca"
"143",6,5,3,618690,0.0165757233181732,"ca"
"144",6,5,4,1164689,0.0312039351140633,"ca"
"145",6,5,5,138717,0.00371645672554434,"ca"
"146",6,6,1,1706068,0.0457083695065204,"ca"
"147",6,6,2,106833,0.00286223189198209,"ca"
"148",6,6,3,233552,0.00625724245164135,"ca"
"149",6,6,4,572638,0.0153419144474164,"ca"
"150",6,6,5,65297,0.00174941409349877,"ca"
"151",8,1,1,856786,0.169901012402897,"co"
"152",8,1,2,66643,0.0132153340152223,"co"
"153",8,1,3,593809,0.117752566304716,"co"
"154",8,1,4,45562,0.00903496313793737,"co"
"155",8,1,5,68152,0.0135145693291934,"co"
"156",8,2,1,610404,0.121043361556769,"co"
"157",8,2,2,39699,0.00787232785244229,"co"
"158",8,2,3,194980,0.0386646133320536,"co"
"159",8,2,4,20248,0.00401518663835994,"co"
"160",8,2,5,21557,0.00427476187095641,"co"
"161",8,3,1,732240,0.145203489928521,"co"
"162",8,3,2,43015,0.00852989200163241,"co"
"163",8,3,3,143545,0.0284650319045525,"co"
"164",8,3,4,19313,0.0038297757579339,"co"
"165",8,3,5,27710,0.00549490427444459,"co"
"166",8,4,1,223822,0.0443839936670782,"co"
"167",8,4,2,12852,0.0025485568291289,"co"
"168",8,4,3,34705,0.00688201562051965,"co"
"169",8,4,4,6126,0.00121478829250262,"co"
"170",8,4,5,6578,0.00130442007640911,"co"
"171",8,5,1,721258,0.143025754860244,"co"
"172",8,5,2,17890,0.00354759427895394,"co"
"173",8,5,3,52203,0.0103518761399795,"co"
"174",8,5,4,25616,0.005079663222453,"co"
"175",8,5,5,16252,0.00322277821249634,"co"
"176",8,6,1,384325,0.0762118038713792,"co"
"177",8,6,2,10301,0.00204269249119645,"co"
"178",8,6,3,21333,0.00423034257981691,"co"
"179",8,6,4,19037,0.00377504484563701,"co"
"180",8,6,5,6893,0.00136688470457404,"co"
"181",9,1,1,645720,0.180761897456843,"ct"
"182",9,1,2,130514,0.036535895255966,"ct"
"183",9,1,3,260346,0.0728808724451761,"ct"
"184",9,1,4,45506,0.0127388820319505,"ct"
"185",9,1,5,38645,0.0108182238853058,"ct"
"186",9,2,1,559762,0.156698942644238,"ct"
"187",9,2,2,85850,0.0240327214530601,"ct"
"188",9,2,3,99712,0.0279132291383521,"ct"
"189",9,2,4,14343,0.00401515811067257,"ct"
"190",9,2,5,12015,0.00336346124937119,"ct"
"191",9,3,1,419348,0.117391656096655,"ct"
"192",9,3,2,63510,0.0177788950434926,"ct"
"193",9,3,3,63647,0.0178172466199524,"ct"
"194",9,3,4,14445,0.00404371183913165,"ct"
"195",9,3,5,10937,0.0030616875309507,"ct"
"196",9,4,1,149755,0.0419221922097031,"ct"
"197",9,4,2,16652,0.00466153614020217,"ct"
"198",9,4,3,15117,0.00423183052074442,"ct"
"199",9,4,4,4475,0.00125272485151361,"ct"
"200",9,4,5,2859,0.000800344212397189,"ct"
"201",9,5,1,443847,0.124249869758606,"ct"
"202",9,5,2,25288,0.00707908514973771,"ct"
"203",9,5,3,26551,0.00743264749330457,"ct"
"204",9,5,4,29551,0.00827246303621872,"ct"
"205",9,5,5,7468,0.00209058082482763,"ct"
"206",9,6,1,324018,0.0907051175279862,"ct"
"207",9,6,2,14373,0.00402355626610171,"ct"
"208",9,6,3,14557,0.00407506495273378,"ct"
"209",9,6,4,28494,0.00797656802659864,"ct"
"210",9,6,5,4908,0.00137393822820756,"ct"
"211",10,1,1,156648,0.174028002590734,"de"
"212",10,1,2,74323,0.0825690927209484,"de"
"213",10,1,3,43926,0.0487995636190732,"de"
"214",10,1,4,8618,0.00957416198308913,"de"
"215",10,1,5,12167,0.0135169214258813,"de"
"216",10,2,1,153431,0.170454078350818,"de"
"217",10,2,2,46398,0.0515458305513309,"de"
"218",10,2,3,13479,0.0149744870468854,"de"
"219",10,2,4,2718,0.0030195604861959,"de"
"220",10,2,5,3047,0.00338506284085316,"de"
"221",10,3,1,109252,0.121373444531963,"de"
"222",10,3,2,37390,0.041538398299803,"de"
"223",10,3,3,8391,0.00932197646786968,"de"
"224",10,3,4,2266,0.0025174113545695,"de"
"225",10,3,5,3469,0.00385388349029197,"de"
"226",10,4,1,34425,0.0382444333102626,"de"
"227",10,4,2,8087,0.00898424784836874,"de"
"228",10,4,3,1498,0.00166420221056713,"de"
"229",10,4,4,969,0.00107650997465924,"de"
"230",10,4,5,725,0.00080543831953349,"de"
"231",10,5,1,84443,0.0938119007122297,"de"
"232",10,5,2,14013,0.0155677340298245,"de"
"233",10,5,3,3710,0.00412162229719896,"de"
"234",10,5,4,7128,0.00791884736777202,"de"
"235",10,5,5,1362,0.00151311309131671,"de"
"236",10,6,1,50415,0.0560085143162495,"de"
"237",10,6,2,7816,0.00868318055927415,"de"
"238",10,6,3,2089,0.0023207733096627,"de"
"239",10,6,4,6997,0.00777331299555287,"de"
"240",10,6,5,931,0.00103429389722163,"de"
"241",12,1,1,2684353,0.142140926374328,"fl"
"242",12,1,2,1257952,0.0666106367584439,"fl"
"243",12,1,3,1876667,0.0993726182346851,"fl"
"244",12,1,4,146395,0.00775185712034513,"fl"
"245",12,1,5,187252,0.00991530277331101,"fl"
"246",12,2,1,2770850,0.146721085432619,"fl"
"247",12,2,2,683398,0.0361870531939589,"fl"
"248",12,2,3,919498,0.0486889382727764,"fl"
"249",12,2,4,68688,0.00363714308468367,"fl"
"250",12,2,5,56809,0.00300813040848175,"fl"
"251",12,3,1,2190770,0.116004891038208,"fl"
"252",12,3,2,492453,0.026076199969161,"fl"
"253",12,3,3,600289,0.0317862943332413,"fl"
"254",12,3,4,56708,0.00300278229161195,"fl"
"255",12,3,5,61012,0.00323068620257862,"fl"
"256",12,4,1,806341,0.0426970881674662,"fl"
"257",12,4,2,158415,0.0083883359795039,"fl"
"258",12,4,3,261601,0.0138522051609646,"fl"
"259",12,4,4,29223,0.00154740613154715,"fl"
"260",12,4,5,22942,0.001214816804228,"fl"
"261",12,5,1,1602086,0.0848331006284726,"fl"
"262",12,5,2,195097,0.0103307084846339,"fl"
"263",12,5,3,402132,0.021293553792948,"fl"
"264",12,5,4,94432,0.00500033041830958,"fl"
"265",12,5,5,32445,0.0017180163548591,"fl"
"266",12,6,1,869427,0.0460375960966584,"fl"
"267",12,6,2,96050,0.00508600619153079,"fl"
"268",12,6,3,183782,0.00973156054025935,"fl"
"269",12,6,4,61390,0.00325070192710125,"fl"
"270",12,6,5,16695,0.000884027833082837,"fl"
"271",13,1,1,1692900,0.17426403580025,"ga"
"272",13,1,2,1212800,0.124843418169144,"ga"
"273",13,1,3,540528,0.0556409656465459,"ga"
"274",13,1,4,106734,0.0109870031290117,"ga"
"275",13,1,5,98690,0.0101589684524347,"ga"
"276",13,2,1,1248369,0.128504826101909,"ga"
"277",13,2,2,669183,0.068884476501222,"ga"
"278",13,2,3,146348,0.015064795978082,"ga"
"279",13,2,4,44492,0.00457992526482647,"ga"
"280",13,2,5,25159,0.00258982153505729,"ga"
"281",13,3,1,986771,0.101576405499822,"ga"
"282",13,3,2,541143,0.0557042726239322,"ga"
"283",13,3,3,80109,0.00824627422997356,"ga"
"284",13,3,4,37805,0.00389157769119762,"ga"
"285",13,3,5,29716,0.00305891079676309,"ga"
"286",13,4,1,268978,0.0276881043307222,"ga"
"287",13,4,2,140940,0.0145081063297816,"ga"
"288",13,4,3,23311,0.00239959178837476,"ga"
"289",13,4,4,14036,0.00144484021885068,"ga"
"290",13,4,5,7675,0.000790050490145265,"ga"
"291",13,5,1,799546,0.082303805758135,"ga"
"292",13,5,2,245099,0.025230043659168,"ga"
"293",13,5,3,43574,0.00448542802053287,"ga"
"294",13,5,4,65726,0.0067657144645326,"ga"
"295",13,5,5,16280,0.00167583348267947,"ga"
"296",13,6,1,430223,0.0442863702959956,"ga"
"297",13,6,2,124847,0.0128515222857545,"ga"
"298",13,6,3,18600,0.00191465004777875,"ga"
"299",13,6,4,46599,0.00479681599873345,"ga"
"300",13,6,5,8388,0.000863445408643451,"ga"
"301",15,1,1,50601,0.0371320804561432,"hi"
"302",15,1,2,4948,0.00363094670257498,"hi"
"303",15,1,3,54791,0.040206790780272,"hi"
"304",15,1,4,130521,0.0957790611493106,"hi"
"305",15,1,5,161333,0.118389556258393,"hi"
"306",15,2,1,59950,0.043992573730673,"hi"
"307",15,2,2,5341,0.0039193383869145,"hi"
"308",15,2,3,27104,0.0198894865453905,"hi"
"309",15,2,4,121330,0.0890345116053804,"hi"
"310",15,2,5,105791,0.0776316658472331,"hi"
"311",15,3,1,73592,0.0540033609005452,"hi"
"312",15,3,2,4961,0.00364048637661165,"hi"
"313",15,3,3,21242,0.0155878273759292,"hi"
"314",15,3,4,90765,0.0666052703029947,"hi"
"315",15,3,5,67939,0.0498550703367505,"hi"
"316",15,4,1,25088,0.0184101032486259,"hi"
"317",15,4,2,2083,0.00152854930910745,"hi"
"318",15,4,3,6544,0.00480212514584694,"hi"
"319",15,4,4,43095,0.0316240194315822,"hi"
"320",15,4,5,21033,0.0154344587702626,"hi"
"321",15,5,1,61560,0.0451740256690614,"hi"
"322",15,5,2,3041,0.00223154990350253,"hi"
"323",15,5,3,9223,0.00676803181848202,"hi"
"324",15,5,4,92090,0.067577583233656,"hi"
"325",15,5,5,26705,0.0195966919345725,"hi"
"326",15,6,1,40513,0.0297292934036823,"hi"
"327",15,6,2,1188,0.000871779442736272,"hi"
"328",15,6,3,3685,0.00270413067885788,"hi"
"329",15,6,4,35283,0.0258914091566194,"hi"
"330",15,6,5,11390,0.008358222098288,"hi"
"331",16,1,1,411540,0.262494713940463,"id"
"332",16,1,2,3481,0.00222030446427262,"id"
"333",16,1,3,115233,0.0734996680067585,"id"
"334",16,1,4,6236,0.00397754054559151,"id"
"335",16,1,5,22963,0.0146466105754358,"id"
"336",16,2,1,286373,0.182658790677145,"id"
"337",16,2,2,1601,0.00102117421640346,"id"
"338",16,2,3,28769,0.0183498819685892,"id"
"339",16,2,4,2264,0.00144405897934881,"id"
"340",16,2,5,9513,0.00606772662126555,"id"
"341",16,3,1,298157,0.190175041124427,"id"
"342",16,3,2,1909,0.00121762746977777,"id"
"343",16,3,3,19886,0.0126839915474074,"id"
"344",16,3,4,3411,0.00217565599759664,"id"
"345",16,3,5,9787,0.0062424934765401,"id"
"346",16,4,1,84521,0.0539104721702918,"id"
"347",16,4,2,352,0.000224518003856352,"id"
"348",16,4,3,4243,0.00270633491580256,"id"
"349",16,4,4,1044,0.000665899988710316,"id"
"350",16,4,5,2129,0.00135795122218799,"id"
"351",16,5,1,163828,0.104495271408461,"id"
"352",16,5,2,665,0.000424160433421801,"id"
"353",16,5,3,5188,0.00330908921592828,"id"
"354",16,5,4,3623,0.00231087706810103,"id"
"355",16,5,5,2631,0.00167814451177858,"id"
"356",16,6,1,72793,0.0464299404963506,"id"
"357",16,6,2,278,0.00017731819622746,"id"
"358",16,6,3,1649,0.00105179030783842,"id"
"359",16,6,4,2613,0.00166666347749048,"id"
"360",16,6,5,1123,0.00071628897253035,"id"
"361",17,1,1,2158898,0.1683500911582,"il"
"362",17,1,2,744412,0.0580489805721522,"il"
"363",17,1,3,1199058,0.0935021124684767,"il"
"364",17,1,4,170622,0.0133050423195512,"il"
"365",17,1,5,122190,0.00952833234299189,"il"
"366",17,2,1,1828615,0.142594741364924,"il"
"367",17,2,2,386718,0.030156130837361,"il"
"368",17,2,3,383494,0.0299047244745342,"il"
"369",17,2,4,58039,0.0045258603883698,"il"
"370",17,2,5,26231,0.00204548396504641,"il"
"371",17,3,1,1565434,0.122071981447084,"il"
"372",17,3,2,396248,0.0308992768168087,"il"
"373",17,3,3,236742,0.0184610561874506,"il"
"374",17,3,4,67002,0.00522479191132779,"il"
"375",17,3,5,33220,0.00259048367652173,"il"
"376",17,4,1,507756,0.0395946306338341,"il"
"377",17,4,2,83628,0.00652128142384586,"il"
"378",17,4,3,62226,0.00485236114555212,"il"
"379",17,4,4,24791,0.00193319328189796,"il"
"380",17,4,5,9039,0.00070485797567971,"il"
"381",17,5,1,1335359,0.104130815526682,"il"
"382",17,5,2,142142,0.0110841821417264,"il"
"383",17,5,3,103608,0.00807931465253052,"il"
"384",17,5,4,161868,0.012622408541578,"il"
"385",17,5,5,21797,0.00169972223651849,"il"
"386",17,6,1,755159,0.0588870277747886,"il"
"387",17,6,2,78428,0.00611578729025426,"il"
"388",17,6,3,41687,0.00325073729750637,"il"
"389",17,6,4,106978,0.00834210604295431,"il"
"390",17,6,5,12471,0.000972484103850167,"il"
"391",18,1,1,1682882,0.259482571200812,"in"
"392",18,1,2,246385,0.0379899561022769,"in"
"393",18,1,3,240586,0.0370958117532414,"in"
"394",18,1,4,34389,0.00530241938592528,"in"
"395",18,1,5,76482,0.0117927139339422,"in"
"396",18,2,1,1458680,0.224912998629256,"in"
"397",18,2,2,134942,0.020806626443791,"in"
"398",18,2,3,71333,0.0109987926969731,"in"
"399",18,2,4,13028,0.00200877954461702,"in"
"400",18,2,5,19703,0.00303799381083736,"in"
"401",18,3,1,952553,0.146873578566439,"in"
"402",18,3,2,113892,0.0175609395068715,"in"
"403",18,3,3,41037,0.00632747053825979,"in"
"404",18,3,4,13172,0.0020309828186748,"in"
"405",18,3,5,18725,0.00288719657452822,"in"
"406",18,4,1,301326,0.0464612761023386,"in"
"407",18,4,2,28597,0.00440935436271207,"in"
"408",18,4,3,10856,0.00167388016091206,"in"
"409",18,4,4,2756,0.000424945995161537,"in"
"410",18,4,5,4558,0.000702795299690233,"in"
"411",18,5,1,592216,0.0913134315931003,"in"
"412",18,5,2,35891,0.00553401186950026,"in"
"413",18,5,3,16949,0.00261335619448218,"in"
"414",18,5,4,18497,0.00285204139060339,"in"
"415",18,5,5,8488,0.00130875965418401,"in"
"416",18,6,1,299102,0.0461183588696683,"in"
"417",18,6,2,16947,0.00261304781567582,"in"
"418",18,6,3,7489,0.00115472444040811,"in"
"419",18,6,4,19257,0.00296922533701949,"in"
"420",18,6,5,4812,0.000741959408097719,"in"
"421",19,1,1,753981,0.247397827700461,"ia"
"422",19,1,2,37632,0.0123478907983408,"ia"
"423",19,1,3,96882,0.0317891251149248,"ia"
"424",19,1,4,19219,0.00630617860473296,"ia"
"425",19,1,5,33681,0.0110514803884703,"ia"
"426",19,2,1,690072,0.226427872528502,"ia"
"427",19,2,2,17433,0.005720152537401,"ia"
"428",19,2,3,24564,0.00805999121945265,"ia"
"429",19,2,4,7231,0.00237265089186867,"ia"
"430",19,2,5,9282,0.00304562931521574,"ia"
"431",19,3,1,528376,0.173371841742775,"ia"
"432",19,3,2,17397,0.00570834014186687,"ia"
"433",19,3,3,16693,0.00547734218475505,"ia"
"434",19,3,4,7326,0.00240382249119484,"ia"
"435",19,3,5,9103,0.00298689545964328,"ia"
"436",19,4,1,222341,0.0729549954292592,"ia"
"437",19,4,2,4128,0.00135448802124656,"ia"
"438",19,4,3,4331,0.00142109680717511,"ia"
"439",19,4,4,1622,0.000532214043232055,"ia"
"440",19,4,5,2124,0.000696931336513493,"ia"
"441",19,5,1,359581,0.117986472182137,"ia"
"442",19,5,2,5009,0.0016435635897345,"ia"
"443",19,5,3,5039,0.00165340725267961,"ia"
"444",19,5,4,8958,0.0029393177554086,"ia"
"445",19,5,5,2632,0.000863617362383951,"ia"
"446",19,6,1,145840,0.0478533267971411,"ia"
"447",19,6,2,3027,0.000993225591161178,"ia"
"448",19,6,3,3294,0.00108083419137262,"ia"
"449",19,6,4,9180,0.00301216086120238,"ia"
"450",19,6,5,1668,0.000547307659747884,"ia"
"451",20,1,1,629243,0.220695409589633,"ks"
"452",20,1,2,62005,0.0217471133911783,"ks"
"453",20,1,3,189474,0.0664545208076788,"ks"
"454",20,1,4,23394,0.008205015251564,"ks"
"455",20,1,5,48379,0.0169680444924089,"ks"
"456",20,2,1,481091,0.168733820312481,"ks"
"457",20,2,2,34251,0.0120129083261229,"ks"
"458",20,2,3,48767,0.0171041283565453,"ks"
"459",20,2,4,8923,0.00312957814352849,"ks"
"460",20,2,5,14776,0.00518241024865819,"ks"
"461",20,3,1,477393,0.167436814823882,"ks"
"462",20,3,2,36814,0.012911833438962,"ks"
"463",20,3,3,35099,0.0123103287302148,"ks"
"464",20,3,4,9986,0.00350240584346918,"ks"
"465",20,3,5,18508,0.0064913406119495,"ks"
"466",20,4,1,130731,0.0458514939237503,"ks"
"467",20,4,2,9238,0.00324005860023716,"ks"
"468",20,4,3,7406,0.00259751829328388,"ks"
"469",20,4,4,2416,0.00084736756637508,"ks"
"470",20,4,5,4338,0.00152147371810228,"ks"
"471",20,5,1,344633,0.120873686466284,"ks"
"472",20,5,2,11943,0.00418878760149734,"ks"
"473",20,5,3,13032,0.00457073432326161,"ks"
"474",20,5,4,10810,0.00379140868895473,"ks"
"475",20,5,5,6088,0.00213525403315045,"ks"
"476",20,6,1,166976,0.0585637610774194,"ks"
"477",20,6,2,5907,0.00207177161199404,"ks"
"478",20,6,3,4724,0.00165685611902147,"ks"
"479",20,6,4,10810,0.00379140868895473,"ks"
"480",20,6,5,4028,0.0014127469194366,"ks"
"481",21,1,1,1318389,0.303764368676803,"ky"
"482",21,1,2,134649,0.0310238999854844,"ky"
"483",21,1,3,77023,0.0177465398820784,"ky"
"484",21,1,4,18971,0.00437102694134101,"ky"
"485",21,1,5,43846,0.0101023692620335,"ky"
"486",21,2,1,1015637,0.234008575700952,"ky"
"487",21,2,2,84300,0.0194232023169599,"ky"
"488",21,2,3,26640,0.00613800841902506,"ky"
"489",21,2,4,5705,0.00131446464078596,"ky"
"490",21,2,5,10806,0.00248976422582526,"ky"
"491",21,3,1,656332,0.151222647960794,"ky"
"492",21,3,2,71472,0.0164675577223934,"ky"
"493",21,3,3,14867,0.00342544186057228,"ky"
"494",21,3,4,5930,0.00136630592810881,"ky"
"495",21,3,5,10952,0.00252340346115475,"ky"
"496",21,4,1,190661,0.0439293852544946,"ky"
"497",21,4,2,16670,0.00384086337631936,"ky"
"498",21,4,3,3089,0.000711723273512328,"ky"
"499",21,4,4,1657,0.000381782280417587,"ky"
"500",21,4,5,2571,0.000592373109809063,"ky"
"501",21,5,1,347142,0.0799835029503453,"ky"
"502",21,5,2,19807,0.00456364612446056,"ky"
"503",21,5,3,6198,0.00142805466145335,"ky"
"504",21,5,4,9169,0.00211259005983637,"ky"
"505",21,5,5,4007,0.000923235725789543,"ky"
"506",21,6,1,218055,0.0502411195874816,"ky"
"507",21,6,2,11221,0.00258538260022073,"ky"
"508",21,6,3,3435,0.000791443653128795,"ky"
"509",21,6,4,8736,0.00201282438245507,"ky"
"510",21,6,5,2233,0.000514495975964075,"ky"
"511",22,1,1,879880,0.194250933580301,"la"
"512",22,1,2,673735,0.148740342700964,"la"
"513",22,1,3,94553,0.0208744471096266,"la"
"514",22,1,4,27627,0.00609920732602512,"la"
"515",22,1,5,48720,0.0107559047643227,"la"
"516",22,2,1,737787,0.162881090072975,"la"
"517",22,2,2,362943,0.0801268543283575,"la"
"518",22,2,3,41992,0.00927056553496387,"la"
"519",22,2,4,9751,0.00215272634148011,"la"
"520",22,2,5,18254,0.00402993196978545,"la"
"521",22,3,1,510705,0.112748241844488,"la"
"522",22,3,2,247116,0.054555750446231,"la"
"523",22,3,3,28266,0.00624027922964585,"la"
"524",22,3,4,10097,0.00222911269304939,"la"
"525",22,3,5,13146,0.00290223982002846,"la"
"526",22,4,1,109601,0.0241965910934839,"la"
"527",22,4,2,40934,0.00903699108421154,"la"
"528",22,4,3,5621,0.00124094705829758,"la"
"529",22,4,4,2322,0.000512627480762671,"la"
"530",22,4,5,2759,0.000609103884334285,"la"
"531",22,5,1,341936,0.0754891430930512,"la"
"532",22,5,2,78904,0.017419620474633,"la"
"533",22,5,3,14523,0.00320623983769004,"la"
"534",22,5,4,11065,0.00244281786160162,"la"
"535",22,5,5,6492,0.00143323755603414,"la"
"536",22,6,1,154300,0.0340647804830664,"la"
"537",22,6,2,37595,0.0082998407145877,"la"
"538",22,6,3,6676,0.00147385919964324,"la"
"539",22,6,4,9635,0.0021271170444222,"la"
"540",22,6,5,2670,0.000589455371936405,"la"
"541",23,1,1,338494,0.254682172082427,"me"
"542",23,1,2,7188,0.00540823604828589,"me"
"543",23,1,3,8258,0.0062133017928137,"me"
"544",23,1,4,5261,0.00395836531024375,"me"
"545",23,1,5,14747,0.0110956117145342,"me"
"546",23,2,1,351030,0.264114232057567,"me"
"547",23,2,2,2508,0.00188701391334182,"me"
"548",23,2,3,3319,0.00249720860382038,"me"
"549",23,2,4,2386,0.00179522137050781,"me"
"550",23,2,5,5822,0.00438046052770179,"me"
"551",23,3,1,223766,0.168361066719635,"me"
"552",23,3,2,2217,0.00166806612674594,"me"
"553",23,3,3,3150,0.00237005336005851,"me"
"554",23,3,4,1877,0.00141225084343804,"me"
"555",23,3,5,5231,0.00393579337348128,"me"
"556",23,4,1,87346,0.0657189462818001,"me"
"557",23,4,2,529,0.000398018484911413,"me"
"558",23,4,3,807,0.000607185098910227,"me"
"559",23,4,4,688,0.000517649749752461,"me"
"560",23,4,5,1224,0.000920935019908448,"me"
"561",23,5,1,168079,0.126462285303262,"me"
"562",23,5,2,849,0.000638785810377674,"me"
"563",23,5,3,1198,0.000901372674714314,"me"
"564",23,5,4,1853,0.00139419329402807,"me"
"565",23,5,5,1878,0.00141300324133012,"me"
"566",23,6,1,86132,0.0648055352408125,"me"
"567",23,6,2,364,0.000273872832717872,"me"
"568",23,6,3,864,0.000650071778758905,"me"
"569",23,6,4,1420,0.00106840500675653,"me"
"570",23,6,5,599,0.000450686337357157,"me"
"571",24,1,1,825981,0.142767534538093,"md"
"572",24,1,2,592452,0.102402974610993,"md"
"573",24,1,3,269678,0.0466127709707171,"md"
"574",24,1,4,94511,0.0163358508933374,"md"
"575",24,1,5,78062,0.0134927065890288,"md"
"576",24,2,1,674474,0.116580151468431,"md"
"577",24,2,2,384226,0.0664119377145883,"md"
"578",24,2,3,75186,0.0129956014142953,"md"
"579",24,2,4,34739,0.00600449814501643,"md"
"580",24,2,5,18448,0.00318866351303328,"md"
"581",24,3,1,535918,0.0926312972993154,"md"
"582",24,3,2,337557,0.0583453864629757,"md"
"583",24,3,3,56223,0.00971792219716339,"md"
"584",24,3,4,36170,0.00625184081019156,"md"
"585",24,3,5,24415,0.00422003575838614,"md"
"586",24,4,1,160612,0.0277611461489214,"md"
"587",24,4,2,75606,0.0130681967457933,"md"
"588",24,4,3,13305,0.00229971639423828,"md"
"589",24,4,4,12974,0.00224250435917681,"md"
"590",24,4,5,5537,0.000957048453581162,"md"
"591",24,5,1,545394,0.0942691862547308,"md"
"592",24,5,2,175122,0.0302691420061478,"md"
"593",24,5,3,35449,0.00612721882445343,"md"
"594",24,5,4,72392,0.0125126696138067,"md"
"595",24,5,5,15119,0.00261325908789843,"md"
"596",24,6,1,420366,0.0726585931439586,"md"
"597",24,6,2,111623,0.0192935921137963,"md"
"598",24,6,3,21844,0.00377564862200233,"md"
"599",24,6,4,70928,0.0122596230297281,"md"
"600",24,6,5,11185,0.00193328281620107,"md"
"601",25,1,1,1266457,0.193039960552358,"ma"
"602",25,1,2,161733,0.024652184748487,"ma"
"603",25,1,3,343690,0.0523870167263792,"ma"
"604",25,1,4,122692,0.0187013525450054,"ma"
"605",25,1,5,76457,0.0116539734582001,"ma"
"606",25,2,1,1074713,0.163813343149516,"ma"
"607",25,2,2,85656,0.0130561328659977,"ma"
"608",25,2,3,124911,0.0190395840621163,"ma"
"609",25,2,4,45645,0.0069574482192545,"ma"
"610",25,2,5,28512,0.00434594728069634,"ma"
"611",25,3,1,808952,0.123304669774616,"ma"
"612",25,3,2,77379,0.0117945094918982,"ma"
"613",25,3,3,82695,0.0126048018510516,"ma"
"614",25,3,4,37674,0.00574246695612212,"ma"
"615",25,3,5,22133,0.00337362693475211,"ma"
"616",25,4,1,305360,0.0465445588395565,"ma"
"617",25,4,2,22562,0.00343901734522555,"ma"
"618",25,4,3,19384,0.00295461006204468,"ma"
"619",25,4,4,10453,0.00159330060764306,"ma"
"620",25,4,5,5162,0.000786818878470627,"ma"
"621",25,5,1,921986,0.140533899745374,"ma"
"622",25,5,2,39712,0.00605310951217077,"ma"
"623",25,5,3,39856,0.00607505874086116,"ma"
"624",25,5,4,66637,0.0101571580016752,"ma"
"625",25,5,5,14914,0.00227326942144729,"ma"
"626",25,6,1,628933,0.095865237832849,"ma"
"627",25,6,2,20694,0.00315428707304749,"ma"
"628",25,6,3,20289,0.00309255486735578,"ma"
"629",25,6,4,75343,0.011484171786248,"ma"
"630",25,6,5,10011,0.00152592866957951,"ma"
"631",26,1,1,2171660,0.219420235733835,"mi"
"632",26,1,2,557264,0.0563048535433631,"mi"
"633",26,1,3,251720,0.0254332914631761,"mi"
"634",26,1,4,81604,0.00824510693056182,"mi"
"635",26,1,5,139001,0.0140443864082033,"mi"
"636",26,2,1,1860685,0.187999936143969,"mi"
"637",26,2,2,318935,0.0322245622628638,"mi"
"638",26,2,3,73849,0.00746155705253492,"mi"
"639",26,2,4,22026,0.00222546352204003,"mi"
"640",26,2,5,41195,0.00416226140880955,"mi"
"641",26,3,1,1582874,0.159930461590193,"mi"
"642",26,3,2,302304,0.0305441988816303,"mi"
"643",26,3,3,60228,0.00608531812428162,"mi"
"644",26,3,4,31419,0.0031745136837817,"mi"
"645",26,3,5,46559,0.00470422937086451,"mi"
"646",26,4,1,496763,0.0501919520384623,"mi"
"647",26,4,2,61757,0.00623980526335359,"mi"
"648",26,4,3,14242,0.00143898354131,"mi"
"649",26,4,4,8479,0.000856701407580923,"mi"
"650",26,4,5,11363,0.00114809506950608,"mi"
"651",26,5,1,938595,0.0948337843670736,"mi"
"652",26,5,2,87059,0.00879626935282316,"mi"
"653",26,5,3,23563,0.00238075896530597,"mi"
"654",26,5,4,47744,0.0048239594295959,"mi"
"655",26,5,5,16460,0.00166308587908739,"mi"
"656",26,6,1,526417,0.05318813360945,"mi"
"657",26,6,2,50257,0.00507786798452582,"mi"
"658",26,6,3,12371,0.00124994139794594,"mi"
"659",26,6,4,51615,0.00521507762145175,"mi"
"660",26,6,5,9256,0.000935207952419982,"mi"
"661",27,1,1,1156980,0.21776065525822,"mn"
"662",27,1,2,127724,0.0240395356291387,"mn"
"663",27,1,3,157043,0.0295578027137173,"mn"
"664",27,1,4,94611,0.0178071819345498,"mn"
"665",27,1,5,96467,0.0181565084364421,"mn"
"666",27,2,1,957063,0.180133335064909,"mn"
"667",27,2,2,43860,0.00825509718372447,"mn"
"668",27,2,3,40927,0.00770306343908553,"mn"
"669",27,2,4,25785,0.00485311629918686,"mn"
"670",27,2,5,25889,0.00487269062903426,"mn"
"671",27,3,1,883533,0.166293907433371,"mn"
"672",27,3,2,50142,0.00943746199239199,"mn"
"673",27,3,3,24463,0.00460429645247268,"mn"
"674",27,3,4,27241,0.00512715691705058,"mn"
"675",27,3,5,27063,0.0050936546986579,"mn"
"676",27,4,1,346738,0.0652611921406807,"mn"
"677",27,4,2,13523,0.00254522752429334,"mn"
"678",27,4,3,7268,0.00136794451279775,"mn"
"679",27,4,4,8083,0.00152133950150581,"mn"
"680",27,4,5,6176,0.00116241404939996,"mn"
"681",27,5,1,744600,0.140144673119043,"mn"
"682",27,5,2,19681,0.00370425370891202,"mn"
"683",27,5,3,13459,0.00253318178284878,"mn"
"684",27,5,4,31523,0.00593309230557562,"mn"
"685",27,5,5,11040,0.00207789039918646,"mn"
"686",27,6,1,324166,0.0610128097049527,"mn"
"687",27,6,2,10177,0.00191546110439498,"mn"
"688",27,6,3,6603,0.00124278173060038,"mn"
"689",27,6,4,26404,0.00496962120472095,"mn"
"690",27,6,5,4849,0.00091265312913543,"mn"
"691",28,1,1,567641,0.191278195995444,"ms"
"692",28,1,2,524595,0.176772969585055,"ms"
"693",28,1,3,46906,0.0158059320263376,"ms"
"694",28,1,4,9467,0.00319009846274119,"ms"
"695",28,1,5,23457,0.00790431389463611,"ms"
"696",28,2,1,406827,0.137088643424697,"ms"
"697",28,2,2,241292,0.081308253752165,"ms"
"698",28,2,3,13423,0.00452315323390461,"ms"
"699",28,2,4,4267,0.00143785255524629,"ms"
"700",28,2,5,6709,0.00226073419103524,"ms"
"701",28,3,1,339898,0.114535553743404,"ms"
"702",28,3,2,194889,0.0656718178203409,"ms"
"703",28,3,3,10228,0.00344653291189573,"ms"
"704",28,3,4,3739,0.00125993220156219,"ms"
"705",28,3,5,7336,0.00247201461103511,"ms"
"706",28,4,1,116269,0.0391792075804854,"ms"
"707",28,4,2,48293,0.0162733099251252,"ms"
"708",28,4,3,2586,0.000871405368611884,"ms"
"709",28,4,4,1408,0.000474454276490925,"ms"
"710",28,4,5,1658,0.000558696868197411,"ms"
"711",28,5,1,187736,0.0632614687864349,"ms"
"712",28,5,2,60972,0.0205457572061113,"ms"
"713",28,5,3,2758,0.000929364271705946,"ms"
"714",28,5,4,3810,0.00128385709760684,"ms"
"715",28,5,5,2588,0.000872079309345536,"ms"
"716",28,6,1,101932,0.0343480634313019,"ms"
"717",28,6,2,30877,0.0104046340164846,"ms"
"718",28,6,3,2002,0.000674614674385535,"ms"
"719",28,6,4,3076,0.0010365208483566,"ms"
"720",28,6,5,981,0.000330567929856248,"ms"
"721",29,1,1,1500448,0.25080983208615,"mo"
"722",29,1,2,284524,0.0475600731678004,"mo"
"723",29,1,3,120508,0.020143711241601,"mo"
"724",29,1,4,29871,0.00499313571296398,"mo"
"725",29,1,5,79808,0.0133404363757567,"mo"
"726",29,2,1,1218029,0.203601623625784,"mo"
"727",29,2,2,156781,0.0262069837037329,"mo"
"728",29,2,3,36891,0.00616657525984916,"mo"
"729",29,2,4,12212,0.0020413167730145,"mo"
"730",29,2,5,23131,0.00386650002264972,"mo"
"731",29,3,1,936111,0.156477160637355,"mo"
"732",29,3,2,141461,0.0236461441227812,"mo"
"733",29,3,3,27325,0.00456755493142984,"mo"
"734",29,3,4,12425,0.00207692113533452,"mo"
"735",29,3,5,26873,0.00449200013439393,"mo"
"736",29,4,1,251793,0.0420888694912906,"mo"
"737",29,4,2,31693,0.00529769509393618,"mo"
"738",29,4,3,6604,0.00110390238855124,"mo"
"739",29,4,4,3080,0.000514842422280107,"mo"
"740",29,4,5,6991,0.00116859200459748,"mo"
"741",29,5,1,606427,0.101368294031188,"mo"
"742",29,5,2,43319,0.00724105808141297,"mo"
"743",29,5,3,12977,0.00216919159543148,"mo"
"744",29,5,4,16654,0.00278382652618601,"mo"
"745",29,5,5,9672,0.00161673893126402,"mo"
"746",29,6,1,326465,0.0545707894122322,"mo"
"747",29,6,2,26885,0.00449400601396126,"mo"
"748",29,6,3,7014,0.00117243660710152,"mo"
"749",29,6,4,21256,0.00355308134025518,"mo"
"750",29,6,5,5185,0.00086670712971505,"mo"
"751",30,1,1,231915,0.234071973233345,"mt"
"752",30,1,2,1190,0.00120106784014695,"mt"
"753",30,1,3,14190,0.0143219770182229,"mt"
"754",30,1,4,1546,0.00156037889148503,"mt"
"755",30,1,5,41837,0.0422261136371665,"mt"
"756",30,2,1,211892,0.21386274519699,"mt"
"757",30,2,2,517,0.000521808465005021,"mt"
"758",30,2,3,5922,0.00597707878096661,"mt"
"759",30,2,4,1021,0.00103049602083197,"mt"
"760",30,2,5,15843,0.0159903510852506,"mt"
"761",30,3,1,185357,0.187080950963125,"mt"
"762",30,3,2,809,0.000816524271158728,"mt"
"763",30,3,3,5038,0.00508485695685744,"mt"
"764",30,3,4,646,0.000652008256079775,"mt"
"765",30,3,5,15500,0.0156441609430906,"mt"
"766",30,4,1,50747,0.0512189829276786,"mt"
"767",30,4,2,154,0.0001554323087249,"mt"
"768",30,4,3,1045,0.00105471923777611,"mt"
"769",30,4,4,482,0.000486482940294817,"mt"
"770",30,4,5,4827,0.00487189450789021,"mt"
"771",30,5,1,131576,0.132799749693425,"mt"
"772",30,5,2,226,0.000228101959557321,"mt"
"773",30,5,3,2188,0.00220834994474079,"mt"
"774",30,5,4,761,0.000768077837270447,"mt"
"775",30,5,5,5075,0.00512220108297966,"mt"
"776",30,6,1,57314,0.0578470606640189,"mt"
"777",30,6,2,407,0.000410785387344378,"mt"
"778",30,6,3,559,0.000564199094657267,"mt"
"779",30,6,4,762,0.000769087137976453,"mt"
"780",30,6,5,1439,0.00145238371594241,"mt"
"781",31,1,1,408307,0.223447523293854,"ne"
"782",31,1,2,35964,0.01968143266645,"ne"
"783",31,1,3,112978,0.0618276304023519,"ne"
"784",31,1,4,12936,0.00707927407888991,"ne"
"785",31,1,5,25543,0.0139785016849942,"ne"
"786",31,2,1,337566,0.184734248122646,"ne"
"787",31,2,2,15144,0.00828761028530525,"ne"
"788",31,2,3,25835,0.0141382997702629,"ne"
"789",31,2,4,4536,0.00248234285883153,"ne"
"790",31,2,5,6385,0.00349421498096104,"ne"
"791",31,3,1,322071,0.176254551782788,"ne"
"792",31,3,2,18780,0.0102774247991305,"ne"
"793",31,3,3,16248,0.00889177838851293,"ne"
"794",31,3,4,3904,0.0021364785098938,"ne"
"795",31,3,5,7848,0.00429484716845454,"ne"
"796",31,4,1,113143,0.061917927265603,"ne"
"797",31,4,2,3536,0.00193508914215791,"ne"
"798",31,4,3,3988,0.00218244782209438,"ne"
"799",31,4,4,1131,0.000618943953557861,"ne"
"800",31,4,5,1724,0.000943465407545315,"ne"
"801",31,5,1,224967,0.123114026878914,"ne"
"802",31,5,2,5863,0.00320854854085742,"ne"
"803",31,5,3,6009,0.00328844758349176,"ne"
"804",31,5,4,5666,0.00310073955867271,"ne"
"805",31,5,5,2673,0.00146280918466858,"ne"
"806",31,6,1,94505,0.0517182124942402,"ne"
"807",31,6,2,2517,0.00137743760486749,"ne"
"808",31,6,3,2073,0.00113445695466441,"ne"
"809",31,6,4,4139,0.0022650831333121,"ne"
"810",31,6,5,1327,0.000726205682025889,"ne"
"811",32,1,1,362621,0.134095282752337,"nv"
"812",32,1,2,80022,0.0295917024011502,"nv"
"813",32,1,3,442746,0.163725073995897,"nv"
"814",32,1,4,53186,0.0196678948777533,"nv"
"815",32,1,5,54248,0.0200606167286196,"nv"
"816",32,2,1,357143,0.132069548007473,"nv"
"817",32,2,2,50596,0.0187101268987103,"nv"
"818",32,2,3,140526,0.0519657540629331,"nv"
"819",32,2,4,34231,0.0126584384905872,"nv"
"820",32,2,5,23635,0.00874009505200051,"nv"
"821",32,3,1,360616,0.133353844606398,"nv"
"822",32,3,2,45960,0.016995759195682,"nv"
"823",32,3,3,84283,0.0311673971342399,"nv"
"824",32,3,4,38774,0.0143384152970708,"nv"
"825",32,3,5,23642,0.00874268361410604,"nv"
"826",32,4,1,92582,0.034236322407629,"nv"
"827",32,4,2,12114,0.00447969162089842,"nv"
"828",32,4,3,17908,0.00662228145509732,"nv"
"829",32,4,4,12872,0.00475999591746777,"nv"
"830",32,4,5,5706,0.00211004791058663,"nv"
"831",32,5,1,188095,0.0695565127482986,"nv"
"832",32,5,2,15649,0.00578691548418684,"nv"
"833",32,5,3,23833,0.00881331438012813,"nv"
"834",32,5,4,41536,0.0153597879449923,"nv"
"835",32,5,5,8358,0.00309074315399282,"nv"
"836",32,6,1,101506,0.0375363692975826,"nv"
"837",32,6,2,7468,0.00276162597200507,"nv"
"838",32,6,3,8598,0.00317949385475356,"nv"
"839",32,6,4,12199,0.00451112416075119,"nv"
"840",32,6,5,3551,0.00131314057667247,"nv"
"841",33,1,1,329922,0.250420122142828,"nh"
"842",33,1,2,5504,0.00417769155216725,"nh"
"843",33,1,3,18556,0.0140845284233313,"nh"
"844",33,1,4,10464,0.00794247172999239,"nh"
"845",33,1,5,10740,0.00815196353021008,"nh"
"846",33,2,1,291346,0.221139847921098,"nh"
"847",33,2,2,2551,0.00193628109549031,"nh"
"848",33,2,3,6320,0.00479705861368042,"nh"
"849",33,2,4,3474,0.00263686418100092,"nh"
"850",33,2,5,3727,0.00282889833120046,"nh"
"851",33,3,1,209568,0.159068034739205,"nh"
"852",33,3,2,3110,0.0023605778937573,"nh"
"853",33,3,3,6241,0.00473709538100942,"nh"
"854",33,3,4,2527,0.00191806441721051,"nh"
"855",33,3,5,3157,0.00239625222205524,"nh"
"856",33,4,1,86721,0.065823689879269,"nh"
"857",33,4,2,686,0.00052069338749759,"nh"
"858",33,4,3,1168,0.000886545009616888,"nh"
"859",33,4,4,950,0.00072107684857538,"nh"
"860",33,4,5,1365,0.00103607357716357,"nh"
"861",33,5,1,192327,0.145981628479955,"nh"
"862",33,5,2,1333,0.00101178467279051,"nh"
"863",33,5,3,3392,0.00257462386354494,"nh"
"864",33,5,4,5288,0.00401374144764906,"nh"
"865",33,5,5,2565,0.00194690749115353,"nh"
"866",33,6,1,105253,0.0798900016243205,"nh"
"867",33,6,2,700,0.000531319783160806,"nh"
"868",33,6,3,1513,0.001148409759889,"nh"
"869",33,6,4,5855,0.00444411047200931,"nh"
"870",33,6,5,1151,0.000873641529168697,"nh"
"871",34,1,1,1381096,0.157051806891332,"nj"
"872",34,1,2,415105,0.0472038079174991,"nj"
"873",34,1,3,774091,0.088026024438792,"nj"
"874",34,1,4,217446,0.0247269467157189,"nj"
"875",34,1,5,84101,0.00956357415514048,"nj"
"876",34,2,1,1239364,0.140934703739688,"nj"
"877",34,2,2,286504,0.0325799009493867,"nj"
"878",34,2,3,364264,0.0414224061075147,"nj"
"879",34,2,4,67937,0.0077254793329185,"nj"
"880",34,2,5,26706,0.00303688197984782,"nj"
"881",34,3,1,809643,0.0920688323526522,"nj"
"882",34,3,2,215276,0.0244801844189965,"nj"
"883",34,3,3,210765,0.0239672145017085,"nj"
"884",34,3,4,66387,0.00754922054954532,"nj"
"885",34,3,5,22908,0.00260499110291148,"nj"
"886",34,4,1,266563,0.0303123032724547,"nj"
"887",34,4,2,53654,0.00610128307297068,"nj"
"888",34,4,3,53622,0.00609764418195911,"nj"
"889",34,4,4,25429,0.00289166748541714,"nj"
"890",34,4,5,6333,0.000720159274259577,"nj"
"891",34,5,1,961183,0.109301255599344,"nj"
"892",34,5,2,105786,0.0120294913922033,"nj"
"893",34,5,3,110131,0.0125235845623688,"nj"
"894",34,5,4,209035,0.0237704869563952,"nj"
"895",34,5,5,18626,0.00211806199942506,"nj"
"896",34,6,1,548755,0.0624018636580316,"nj"
"897",34,6,2,50369,0.00572772816756365,"nj"
"898",34,6,3,45742,0.00520156727035869,"nj"
"899",34,6,4,146784,0.016691593070096,"nj"
"900",34,6,5,10283,0.0011693348835009,"nj"
"901",35,1,1,182027,0.0885652466054619,"nm"
"902",35,1,2,12016,0.00584638544397936,"nm"
"903",35,1,3,481264,0.234159024992617,"nm"
"904",35,1,4,7135,0.00347153463238954,"nm"
"905",35,1,5,96994,0.0471924358982468,"nm"
"906",35,2,1,155128,0.0754775367138507,"nm"
"907",35,2,2,6452,0.00313922094578519,"nm"
"908",35,2,3,203185,0.0988596726393929,"nm"
"909",35,2,4,3062,0.00148981626410326,"nm"
"910",35,2,5,45375,0.0220772086818045,"nm"
"911",35,3,1,193994,0.0943877910968152,"nm"
"912",35,3,2,9379,0.00456335295265333,"nm"
"913",35,3,3,156511,0.0761504354379705,"nm"
"914",35,3,4,4097,0.00199339556957252,"nm"
"915",35,3,5,39134,0.0190406497973276,"nm"
"916",35,4,1,56438,0.0274599119247093,"nm"
"917",35,4,2,2065,0.00100472586067055,"nm"
"918",35,4,3,38550,0.018756504566029,"nm"
"919",35,4,4,1059,0.000515256506755504,"nm"
"920",35,4,5,11741,0.00571258417924115,"nm"
"921",35,5,1,135284,0.0658224374503415,"nm"
"922",35,5,2,3101,0.00150879171619341,"nm"
"923",35,5,3,47749,0.0232322785090355,"nm"
"924",35,5,4,4961,0.0024137748158773,"nm"
"925",35,5,5,10287,0.00500514040131622,"nm"
"926",35,6,1,109716,0.0533823256800632,"nm"
"927",35,6,2,2335,0.0011360943751408,"nm"
"928",35,6,3,25761,0.0125340159306219,"nm"
"929",35,6,4,4664,0.00226926944996003,"nm"
"930",35,6,5,5823,0.00283318096207488,"nm"
"931",36,1,1,2951951,0.152177130521635,"ny"
"932",36,1,2,1091128,0.0562491477913458,"ny"
"933",36,1,3,1796631,0.0926187969198054,"ny"
"934",36,1,4,519374,0.026774443406257,"ny"
"935",36,1,5,205654,0.0106017463027999,"ny"
"936",36,2,1,2523706,0.130100512291781,"ny"
"937",36,2,2,646901,0.033348635499565,"ny"
"938",36,2,3,668935,0.0344845184779457,"ny"
"939",36,2,4,203661,0.0104990044140864,"ny"
"940",36,2,5,73094,0.00376809614331282,"ny"
"941",36,3,1,1765203,0.0909986403325064,"ny"
"942",36,3,2,503231,0.0259422495730902,"ny"
"943",36,3,3,463760,0.0239074652833715,"ny"
"944",36,3,4,152872,0.00788076167155331,"ny"
"945",36,3,5,60490,0.00311834262332055,"ny"
"946",36,4,1,801737,0.041330644069981,"ny"
"947",36,4,2,168742,0.00869888197957277,"ny"
"948",36,4,3,143292,0.00738689950703998,"ny"
"949",36,4,4,65233,0.0033628507909914,"ny"
"950",36,4,5,18987,0.000978805941295873,"ny"
"951",36,5,1,1846753,0.0952026548957696,"ny"
"952",36,5,2,264445,0.0136325031414119,"ny"
"953",36,5,3,240820,0.0124146019267326,"ny"
"954",36,5,4,309321,0.0159459226084995,"ny"
"955",36,5,5,44278,0.00228259174533621,"ny"
"956",36,6,1,1414361,0.0729122531172472,"ny"
"957",36,6,2,132299,0.00682019525082966,"ny"
"958",36,6,3,112132,0.00578055868801753,"ny"
"959",36,6,4,182404,0.009403176853433,"ny"
"960",36,6,5,26730,0.00137796823146567,"ny"
"961",37,1,1,1830669,0.191808595940864,"nc"
"962",37,1,2,816743,0.0855743600151253,"nc"
"963",37,1,3,524989,0.0550057945889719,"nc"
"964",37,1,4,77088,0.00807690578902541,"nc"
"965",37,1,5,158027,0.0165573006320351,"nc"
"966",37,2,1,1354817,0.14195113727649,"nc"
"967",37,2,2,467851,0.0490191527903348,"nc"
"968",37,2,3,125228,0.0131207809016718,"nc"
"969",37,2,4,25832,0.00270655134835648,"nc"
"970",37,2,5,43809,0.00459009399272798,"nc"
"971",37,3,1,1222183,0.128054391707509,"nc"
"972",37,3,2,408503,0.0428009579381259,"nc"
"973",37,3,3,77628,0.00813348436320134,"nc"
"974",37,3,4,24747,0.00259287032431782,"nc"
"975",37,3,5,47651,0.00499264007047595,"nc"
"976",37,4,1,432155,0.0452790994870314,"nc"
"977",37,4,2,101363,0.010620322248508,"nc"
"978",37,4,3,20338,0.00213091674368512,"nc"
"979",37,4,4,8902,0.000932708272803863,"nc"
"980",37,4,5,12684,0.00132896784231007,"nc"
"981",37,5,1,940817,0.0985742304082804,"nc"
"982",37,5,2,161021,0.0168709973932994,"nc"
"983",37,5,3,33952,0.00355732546374262,"nc"
"984",37,5,4,39381,0.00412614968448539,"nc"
"985",37,5,5,20065,0.00210231313118507,"nc"
"986",37,6,1,449322,0.047077774270139,"nc"
"987",37,6,2,61946,0.00649040065907752,"nc"
"988",37,6,3,14327,0.00150111339299719,"nc"
"989",37,6,4,33377,0.00349707975975899,"nc"
"990",37,6,5,8834,0.000925583563463191,"nc"
"991",38,1,1,163175,0.241292829754545,"nd"
"992",38,1,2,3314,0.00490053278876397,"nd"
"993",38,1,3,7076,0.0104635395332812,"nd"
"994",38,1,4,2227,0.00329314620415732,"nd"
"995",38,1,5,22812,0.033732937229114,"nd"
"996",38,2,1,130161,0.19247382266696,"nd"
"997",38,2,2,1462,0.00216191277524832,"nd"
"998",38,2,3,2728,0.00403399319485459,"nd"
"999",38,2,4,813,0.00120221278131114,"nd"
"1000",38,2,5,7726,0.0114247182637267,"nd"
"1001",38,3,1,127772,0.188941121148446,"nd"
"1002",38,3,2,1915,0.00283178041354345,"nd"
"1003",38,3,3,2573,0.00380478903605603,"nd"
"1004",38,3,4,1368,0.00202291154346081,"nd"
"1005",38,3,5,9195,0.0135969821945337,"nd"
"1006",38,4,1,59152,0.0874702219435625,"nd"
"1007",38,4,2,119,0.000175969644496956,"nd"
"1008",38,4,3,382,0.000564877346200313,"nd"
"1009",38,4,4,331,0.000489461784273046,"nd"
"1010",38,4,5,2970,0.00439184742988201,"nd"
"1011",38,5,1,91654,0.135532115938857,"nd"
"1012",38,5,2,610,0.000902029270110447,"nd"
"1013",38,5,3,1067,0.00157781185443909,"nd"
"1014",38,5,4,1252,0.00185137810848898,"nd"
"1015",38,5,5,2646,0.00391273680116761,"nd"
"1016",38,6,1,28749,0.0425121958793528,"nd"
"1017",38,6,2,212,0.00031349213977609,"nd"
"1018",38,6,3,211,0.000312013403267712,"nd"
"1019",38,6,4,1237,0.00182919706086332,"nd"
"1020",38,6,5,1344,0.00198742186725974,"nd"
"1021",39,1,1,2815367,0.244102146769762,"oh"
"1022",39,1,2,575797,0.0499236098894348,"oh"
"1023",39,1,3,196267,0.0170170340279121,"oh"
"1024",39,1,4,59972,0.00519978174997297,"oh"
"1025",39,1,5,144020,0.0124870367443325,"oh"
"1026",39,2,1,2612025,0.226471685544473,"oh"
"1027",39,2,2,323299,0.0280311518706148,"oh"
"1028",39,2,3,65401,0.0056704950015004,"oh"
"1029",39,2,4,19845,0.00172063077483181,"oh"
"1030",39,2,5,35463,0.00307476589407209,"oh"
"1031",39,3,1,1664645,0.144330532434866,"oh"
"1032",39,3,2,284160,0.0246376639443794,"oh"
"1033",39,3,3,47302,0.0041012485215971,"oh"
"1034",39,3,4,22903,0.0019857700496837,"oh"
"1035",39,3,5,34538,0.00299456516508648,"oh"
"1036",39,4,1,537841,0.0466326921928102,"oh"
"1037",39,4,2,70432,0.00610670026369133,"oh"
"1038",39,4,3,11471,0.000994575742912358,"oh"
"1039",39,4,4,6716,0.000582300644180926,"oh"
"1040",39,4,5,8589,0.000744696282440436,"oh"
"1041",39,5,1,1134084,0.0983290416550448,"oh"
"1042",39,5,2,86576,0.00750644141908991,"oh"
"1043",39,5,3,20313,0.00176120800852399,"oh"
"1044",39,5,4,40827,0.00353984341869783,"oh"
"1045",39,5,5,15270,0.00132396230444353,"oh"
"1046",39,6,1,592080,0.051335402830054,"oh"
"1047",39,6,2,43372,0.00376050380277175,"oh"
"1048",39,6,3,11916,0.00103315879631625,"oh"
"1049",39,6,4,44018,0.00381651425782549,"oh"
"1050",39,6,5,9052,0.000784839998678639,"oh"
"1051",40,1,1,757992,0.202184846379239,"ok"
"1052",40,1,2,103349,0.0275670477900136,"ok"
"1053",40,1,3,212942,0.0567996041616376,"ok"
"1054",40,1,4,22395,0.00597358499121767,"ok"
"1055",40,1,5,235493,0.0628148001936514,"ok"
"1056",40,2,1,666549,0.177793574561784,"ok"
"1057",40,2,2,63387,0.0169076861727312,"ok"
"1058",40,2,3,56911,0.0151802945048086,"ok"
"1059",40,2,4,9852,0.00262789726874197,"ok"
"1060",40,2,5,108637,0.028977555378027,"ok"
"1061",40,3,1,538217,0.143562625283242,"ok"
"1062",40,3,2,57848,0.0154302274870266,"ok"
"1063",40,3,3,34701,0.00925605594017613,"ok"
"1064",40,3,4,9192,0.0024518505576813,"ok"
"1065",40,3,5,94162,0.0251165309195373,"ok"
"1066",40,4,1,141937,0.0378599121633607,"ok"
"1067",40,4,2,12966,0.00345851766001913,"ok"
"1068",40,4,3,8476,0.00226086654992458,"ok"
"1069",40,4,4,3064,0.000817283519227102,"ok"
"1070",40,4,5,23765,0.00633901528538906,"ok"
"1071",40,5,1,320286,0.0854322680284502,"ok"
"1072",40,5,2,21415,0.00571218229903668,"ok"
"1073",40,5,3,12940,0.0034515824865531,"ok"
"1074",40,5,4,11197,0.00298665912688833,"ok"
"1075",40,5,5,35275,0.00940916323131071,"ok"
"1076",40,6,1,150054,0.0400250199719659,"ok"
"1077",40,6,2,8799,0.00234702274336791,"ok"
"1078",40,6,3,4400,0.00117364474040445,"ok"
"1079",40,6,4,8104,0.0021616402218722,"ok"
"1080",40,6,5,14700,0.00392104038271488,"ok"
"1081",41,1,1,764428,0.199244753465804,"or"
"1082",41,1,2,23447,0.00611135611792439,"or"
"1083",41,1,3,285978,0.0745388919645063,"or"
"1084",41,1,4,44796,0.0116758778802636,"or"
"1085",41,1,5,78037,0.0203399964760722,"or"
"1086",41,2,1,631666,0.164640929482869,"or"
"1087",41,2,2,11979,0.00312227299597459,"or"
"1088",41,2,3,67950,0.0177108648531992,"or"
"1089",41,2,4,18927,0.00493323824983814,"or"
"1090",41,2,5,29925,0.00779981796515065,"or"
"1091",41,3,1,729014,0.190014252098457,"or"
"1092",41,3,2,16231,0.00423053785772298,"or"
"1093",41,3,3,56217,0.0146527106615497,"or"
"1094",41,3,4,24460,0.00637539005605964,"or"
"1095",41,3,5,35055,0.00913692961631933,"or"
"1096",41,4,1,194241,0.0506280515077302,"or"
"1097",41,4,2,3869,0.0010084376176163,"or"
"1098",41,4,3,11441,0.0029820456922068,"or"
"1099",41,4,4,7783,0.00202860428480426,"or"
"1100",41,4,5,9259,0.00241331711075455,"or"
"1101",41,5,1,445257,0.116054253891699,"or"
"1102",41,5,2,6206,0.00161756625870426,"or"
"1103",41,5,3,18479,0.00481646904521366,"or"
"1104",41,5,4,27269,0.00710754339487696,"or"
"1105",41,5,5,12464,0.00324868608580243,"or"
"1106",41,6,1,245263,0.0639267085576188,"or"
"1107",41,6,2,3247,0.000846316087981425,"or"
"1108",41,6,3,8022,0.00209089857030705,"or"
"1109",41,6,4,18675,0.00486755557223687,"or"
"1110",41,6,5,7043,0.00183572658073704,"or"
"1111",42,1,1,2777239,0.21868731342408,"pa"
"1112",42,1,2,521768,0.041085424103095,"pa"
"1113",42,1,3,401333,0.0316020463339404,"pa"
"1114",42,1,4,123129,0.00969551061849324,"pa"
"1115",42,1,5,119901,0.00944132916427453,"pa"
"1116",42,2,1,3039975,0.23937585696671,"pa"
"1117",42,2,2,369676,0.0291092884974467,"pa"
"1118",42,2,3,150565,0.0118558954939408,"pa"
"1119",42,2,4,42607,0.00335499046465205,"pa"
"1120",42,2,5,33487,0.00263685698804898,"pa"
"1121",42,3,1,1532911,0.120705559841346,"pa"
"1122",42,3,2,238228,0.0187587173096704,"pa"
"1123",42,3,3,90607,0.00713464034151026,"pa"
"1124",42,3,4,40105,0.00315797621482081,"pa"
"1125",42,3,5,30808,0.00242590527929683,"pa"
"1126",42,4,1,599371,0.0471960942987997,"pa"
"1127",42,4,2,61927,0.00487629954008748,"pa"
"1128",42,4,3,21797,0.00171635475762247,"pa"
"1129",42,4,4,12280,0.000966960426829561,"pa"
"1130",42,4,5,7649,0.000602302956418511,"pa"
"1131",42,5,1,1365167,0.107496943405019,"pa"
"1132",42,5,2,85829,0.00675840769335134,"pa"
"1133",42,5,3,36317,0.00285969884537208,"pa"
"1134",42,5,4,67158,0.00528820263395926,"pa"
"1135",42,5,5,16575,0.0013051603481026,"pa"
"1136",42,6,1,775609,0.0610735512779193,"pa"
"1137",42,6,2,44892,0.00353491754733165,"pa"
"1138",42,6,3,19485,0.00153430162188713,"pa"
"1139",42,6,4,64857,0.00510701566798737,"pa"
"1140",42,6,5,8337,0.000656477937986812,"pa"
"1141",44,1,1,217755,0.206898812413834,"ri"
"1142",44,1,2,23588,0.0224120189534914,"ri"
"1143",44,1,3,77544,0.0736780395849387,"ri"
"1144",44,1,4,11786,0.0111984083171888,"ri"
"1145",44,1,5,15594,0.0148165602662686,"ri"
"1146",44,2,1,183082,0.173954436749326,"ri"
"1147",44,2,2,10767,0.0102302106186299,"ri"
"1148",44,2,3,22945,0.0218010757541063,"ri"
"1149",44,2,4,4762,0.00452459022623901,"ri"
"1150",44,2,5,5492,0.00521819603580526,"ri"
"1151",44,3,1,146334,0.13903851032475,"ri"
"1152",44,3,2,10496,0.00997272133864021,"ri"
"1153",44,3,3,18737,0.0178028658271819,"ri"
"1154",44,3,4,4202,0.00399250905725668,"ri"
"1155",44,3,5,5335,0.00506902327950129,"ri"
"1156",44,4,1,53137,0.0504878519218107,"ri"
"1157",44,4,2,3275,0.00311172469360201,"ri"
"1158",44,4,3,3313,0.00314783020149724,"ri"
"1159",44,4,4,1008,0.000957746104168191,"ri"
"1160",44,4,5,1457,0.00138436118429866,"ri"
"1161",44,5,1,126527,0.120218989406834,"ri"
"1162",44,5,2,4260,0.00404761746404414,"ri"
"1163",44,5,3,6139,0.00583293981496877,"ri"
"1164",44,5,4,5299,0.00503481806149528,"ri"
"1165",44,5,5,1804,0.00171406148007879,"ri"
"1166",44,6,1,78045,0.0741540622021889,"ri"
"1167",44,6,2,1922,0.00182617858354292,"ri"
"1168",44,6,3,2447,0.00232500467946385,"ri"
"1169",44,6,4,3912,0.00371696702331941,"ri"
"1170",44,6,5,1507,0.00143186843152923,"ri"
"1171",45,1,1,884099,0.190935591937719,"sc"
"1172",45,1,2,554963,0.119853307048795,"sc"
"1173",45,1,3,139012,0.03002190762171,"sc"
"1174",45,1,4,19314,0.00417117316350895,"sc"
"1175",45,1,5,51183,0.0110538032529708,"sc"
"1176",45,2,1,682539,0.147405424036877,"sc"
"1177",45,2,2,337519,0.07289273040149,"sc"
"1178",45,2,3,42881,0.00926085101089507,"sc"
"1179",45,2,4,8410,0.00181627660272912,"sc"
"1180",45,2,5,14221,0.00307125678566122,"sc"
"1181",45,3,1,565166,0.12205681123163,"sc"
"1182",45,3,2,214831,0.0463962566992747,"sc"
"1183",45,3,3,27277,0.00589091282908945,"sc"
"1184",45,3,4,7867,0.00169900690055529,"sc"
"1185",45,3,5,13202,0.00285118712357074,"sc"
"1186",45,4,1,203974,0.0440515105547051,"sc"
"1187",45,4,2,62954,0.0135959425978846,"sc"
"1188",45,4,3,6654,0.0014370397758097,"sc"
"1189",45,4,4,3343,0.000721975348742385,"sc"
"1190",45,4,5,3490,0.000753722395187234,"sc"
"1191",45,5,1,418417,0.0903639723286696,"sc"
"1192",45,5,2,74786,0.0161512558872414,"sc"
"1193",45,5,3,11558,0.00249613852251406,"sc"
"1194",45,5,4,10392,0.00224432181397872,"sc"
"1195",45,5,5,5358,0.0011571474479694,"sc"
"1196",45,6,1,212711,0.0459384081383014,"sc"
"1197",45,6,2,37982,0.00820283209570244,"sc"
"1198",45,6,3,5384,0.00116276257183039,"sc"
"1199",45,6,4,8205,0.00177200351074821,"sc"
"1200",45,6,5,2660,0.000574470364240127,"sc"
"1201",46,1,1,196529,0.240882443425493,"sd"
"1202",46,1,2,6478,0.00793998070773443,"sd"
"1203",46,1,3,12740,0.0156152136796136,"sd"
"1204",46,1,4,2780,0.0034074014151747,"sd"
"1205",46,1,5,48383,0.0593022671476251,"sd"
"1206",46,2,1,173391,0.212522567905956,"sd"
"1207",46,2,2,1717,0.00210449936325718,"sd"
"1208",46,2,3,4455,0.00546042205201558,"sd"
"1209",46,2,4,768,0.000941325283041069,"sd"
"1210",46,2,5,14761,0.0180923209674078,"sd"
"1211",46,3,1,135446,0.166013989956746,"sd"
"1212",46,3,2,1243,0.00152352516513027,"sd"
"1213",46,3,3,2663,0.00326399639158642,"sd"
"1214",46,3,4,811,0.00099402969341967,"sd"
"1215",46,3,5,13735,0.0168347692220952,"sd"
"1216",46,4,1,51036,0.0625540066995885,"sd"
"1217",46,4,2,69,8.4572193398221e-05,"sd"
"1218",46,4,3,541,0.000663095023600545,"sd"
"1219",46,4,4,268,0.00032848330189454,"sd"
"1220",46,4,5,4080,0.00500079056615568,"sd"
"1221",46,5,1,94909,0.116328439177272,"sd"
"1222",46,5,2,974,0.00119381617927344,"sd"
"1223",46,5,3,1716,0.00210327367929489,"sd"
"1224",46,5,4,951,0.0011656254481407,"sd"
"1225",46,5,5,3198,0.0039197373114132,"sd"
"1226",46,6,1,38231,0.0468591235624259,"sd"
"1227",46,6,2,283,0.000346868561328936,"sd"
"1228",46,6,3,340,0.00041673254717964,"sd"
"1229",46,6,4,1627,0.00199418780665081,"sd"
"1230",46,6,5,1748,0.00214249556608827,"sd"
"1231",47,1,1,1552190,0.244315250236651,"tn"
"1232",47,1,2,436307,0.0686748747801511,"tn"
"1233",47,1,3,180599,0.0284263459225282,"tn"
"1234",47,1,4,31385,0.00494001000436629,"tn"
"1235",47,1,5,63593,0.010009560497297,"tn"
"1236",47,2,1,1275474,0.200760054813098,"tn"
"1237",47,2,2,259933,0.0409135453390136,"tn"
"1238",47,2,3,55964,0.00880875322237868,"tn"
"1239",47,2,4,13505,0.00212569173519091,"tn"
"1240",47,2,5,19773,0.00311227713290854,"tn"
"1241",47,3,1,875073,0.137736797022489,"tn"
"1242",47,3,2,204212,0.0321430404018368,"tn"
"1243",47,3,3,27530,0.00433323165270683,"tn"
"1244",47,3,4,10959,0.00172495044249961,"tn"
"1245",47,3,5,17589,0.0027685147671435,"tn"
"1246",47,4,1,228157,0.0359119917975529,"tn"
"1247",47,4,2,41013,0.00645546058018399,"tn"
"1248",47,4,3,5744,0.000904107613990121,"tn"
"1249",47,4,4,3360,0.000528865178100071,"tn"
"1250",47,4,5,4094,0.000644397035458836,"tn"
"1251",47,5,1,578924,0.0911228405852397,"tn"
"1252",47,5,2,74138,0.0116693471946378,"tn"
"1253",47,5,3,12301,0.00193618171303838,"tn"
"1254",47,5,4,16085,0.00253178463980346,"tn"
"1255",47,5,5,8987,0.00141455695106706,"tn"
"1256",47,6,1,293897,0.0462594908476418,"tn"
"1257",47,6,2,36318,0.00571646593399951,"tn"
"1258",47,6,3,6215,0.000978243179134506,"tn"
"1259",47,6,4,15807,0.00248802734232971,"tn"
"1260",47,6,5,4100,0.000645341437562586,"tn"
"1261",48,1,1,3063465,0.121523166999334,"tx"
"1262",48,1,2,1114170,0.0441974910683319,"tx"
"1263",48,1,3,5645022,0.22392974988156,"tx"
"1264",48,1,4,327327,0.0129845823877181,"tx"
"1265",48,1,5,206511,0.00819198872525045,"tx"
"1266",48,2,1,2321811,0.0921028397236103,"tx"
"1267",48,2,2,641510,0.0254477615581515,"tx"
"1268",48,2,3,1678469,0.0665824054102803,"tx"
"1269",48,2,4,108545,0.00430582107578923,"tx"
"1270",48,2,5,62564,0.00248182219158577,"tx"
"1271",48,3,1,2509794,0.099559849841903,"tx"
"1272",48,3,2,645032,0.0255874741366114,"tx"
"1273",48,3,3,1253128,0.0497097512834457,"tx"
"1274",48,3,4,124029,0.00492004866377137,"tx"
"1275",48,3,5,85978,0.00341062125804235,"tx"
"1276",48,4,1,622827,0.0247066343283484,"tx"
"1277",48,4,2,139396,0.00552963503321863,"tx"
"1278",48,4,3,275497,0.0109285622453057,"tx"
"1279",48,4,4,41918,0.00166282562858661,"tx"
"1280",48,4,5,21102,0.000837085414724809,"tx"
"1281",48,5,1,1971592,0.0782101652444373,"tx"
"1282",48,5,2,250233,0.00992637639004991,"tx"
"1283",48,5,3,460149,0.0182534364752254,"tx"
"1284",48,5,4,209313,0.00830313995888039,"tx"
"1285",48,5,5,43967,0.00174410645574854,"tx"
"1286",48,6,1,929345,0.0368657541819462,"tx"
"1287",48,6,2,113234,0.00449182683399436,"tx"
"1288",48,6,3,165903,0.00658112887684059,"tx"
"1289",48,6,4,154472,0.00612767785913045,"tx"
"1290",48,6,5,22594,0.000896270868178009,"tx"
"1291",49,1,1,753025,0.272220380568087,"ut"
"1292",49,1,2,12412,0.00448696837901941,"ut"
"1293",49,1,3,215420,0.077874857251721,"ut"
"1294",49,1,4,17871,0.00646041024020753,"ut"
"1295",49,1,5,53547,0.0193573715590841,"ut"
"1296",49,2,1,381662,0.137971747137714,"ut"
"1297",49,2,2,4248,0.00153566239720226,"ut"
"1298",49,2,3,62782,0.0226958466622298,"ut"
"1299",49,2,4,8330,0.00301131538811084,"ut"
"1300",49,2,5,18253,0.00659850417517252,"ut"
"1301",49,3,1,501219,0.181191895259727,"ut"
"1302",49,3,2,4829,0.00174569531923016,"ut"
"1303",49,3,3,47349,0.0171167793891549,"ut"
"1304",49,3,4,9796,0.00354127797622254,"ut"
"1305",49,3,5,18186,0.00657428351118651,"ut"
"1306",49,4,1,152334,0.0550691138454353,"ut"
"1307",49,4,2,1259,0.000455131581468372,"ut"
"1308",49,4,3,10484,0.00378999166013853,"ut"
"1309",49,4,4,2745,0.000992324218531122,"ut"
"1310",49,4,5,4036,0.00145902387832117,"ut"
"1311",49,5,1,299232,0.108173100385976,"ut"
"1312",49,5,2,2474,0.000894357055244443,"ut"
"1313",49,5,3,15741,0.00569041002692109,"ut"
"1314",49,5,4,10201,0.00368768646748123,"ut"
"1315",49,5,5,5912,0.00213720246992932,"ut"
"1316",49,6,1,137434,0.0496827273769057,"ut"
"1317",49,6,2,980,0.000354272398601275,"ut"
"1318",49,6,3,5351,0.00193439959685247,"ut"
"1319",49,6,4,6807,0.00246074716048865,"ut"
"1320",49,6,5,2314,0.000836516663636071,"ut"
"1321",50,1,1,156289,0.249863308915456,"vt"
"1322",50,1,2,2164,0.0034596433561738,"vt"
"1323",50,1,3,3766,0.00602080262446882,"vt"
"1324",50,1,4,3104,0.00496244592308848,"vt"
"1325",50,1,5,4990,0.00797764341372794,"vt"
"1326",50,2,1,148798,0.237887251438054,"vt"
"1327",50,2,2,725,0.00115907644788632,"vt"
"1328",50,2,3,1531,0.00244764971270891,"vt"
"1329",50,2,4,1114,0.0017809809144074,"vt"
"1330",50,2,5,2703,0.00432135674294722,"vt"
"1331",50,3,1,98352,0.157237912831056,"vt"
"1332",50,3,2,1348,0.00215508283000106,"vt"
"1333",50,3,3,2308,0.00368985991961605,"vt"
"1334",50,3,4,1190,0.00190248410066859,"vt"
"1335",50,3,5,2538,0.00405756693066964,"vt"
"1336",50,4,1,36826,0.0588746886480852,"vt"
"1337",50,4,2,353,0.000564350325660514,"vt"
"1338",50,4,3,457,0.000730617843702138,"vt"
"1339",50,4,4,239,0.000382095546268733,"vt"
"1340",50,4,5,684,0.00109352867635068,"vt"
"1341",50,5,1,93839,0.150022861783731,"vt"
"1342",50,5,2,599,0.000957636954874356,"vt"
"1343",50,5,3,915,0.00146283441353929,"vt"
"1344",50,5,4,1563,0.00249880894902941,"vt"
"1345",50,5,5,1235,0.00197442677674429,"vt"
"1346",50,6,1,55170,0.0882017208688117,"vt"
"1347",50,6,2,644,0.00102957963095006,"vt"
"1348",50,6,3,730,0.0011670700785614,"vt"
"1349",50,6,4,654,0.00104556689230022,"vt"
"1350",50,6,5,670,0.00107114651046047,"vt"
"1351",51,1,1,1455978,0.181657663704912,"va"
"1352",51,1,2,599235,0.0747646119036227,"va"
"1353",51,1,3,334047,0.0416779632574356,"va"
"1354",51,1,4,135372,0.0168899263938475,"va"
"1355",51,1,5,113251,0.014129960804521,"va"
"1356",51,2,1,1067780,0.133223455403056,"va"
"1357",51,2,2,360453,0.0449725544310604,"va"
"1358",51,2,3,105695,0.0131872231347525,"va"
"1359",51,2,4,49134,0.00613029018877835,"va"
"1360",51,2,5,26507,0.00330719261680197,"va"
"1361",51,3,1,943870,0.11776360565967,"va"
"1362",51,3,2,303085,0.0378149347064332,"va"
"1363",51,3,3,85801,0.0107051131291442,"va"
"1364",51,3,4,56156,0.00700640240650135,"va"
"1365",51,3,5,33152,0.00413626776444784,"va"
"1366",51,4,1,276332,0.0344770494656551,"va"
"1367",51,4,2,73794,0.00920703859223165,"va"
"1368",51,4,3,19969,0.00249146751291804,"va"
"1369",51,4,4,18971,0.002366950282316,"va"
"1370",51,4,5,8334,0.00103980621226195,"va"
"1371",51,5,1,864701,0.107885945710238,"va"
"1372",51,5,2,125636,0.0156751971782749,"va"
"1373",51,5,3,56020,0.00698943412657963,"va"
"1374",51,5,4,102021,0.0127288300433377,"va"
"1375",51,5,5,21919,0.00273476270297213,"va"
"1376",51,6,1,584538,0.0729309147711996,"va"
"1377",51,6,2,71286,0.00889412354779284,"va"
"1378",51,6,3,29195,0.00364256567878422,"va"
"1379",51,6,4,79312,0.00989550159670266,"va"
"1380",51,6,5,13411,0.00167324707375151,"va"
"1381",53,1,1,1238461,0.183782988861079,"wa"
"1382",53,1,2,83358,0.0123700160000855,"wa"
"1383",53,1,3,470558,0.0698290504686799,"wa"
"1384",53,1,4,152751,0.0226676781356205,"wa"
"1385",53,1,5,184392,0.0273630844104676,"wa"
"1386",53,2,1,974691,0.144640505592017,"wa"
"1387",53,2,2,47494,0.0070479322909386,"wa"
"1388",53,2,3,119699,0.0177628847284512,"wa"
"1389",53,2,4,63277,0.00939007056836067,"wa"
"1390",53,2,5,65696,0.00974904113752268,"wa"
"1391",53,3,1,1100964,0.163378947377793,"wa"
"1392",53,3,2,53575,0.00795032998877827,"wa"
"1393",53,3,3,90691,0.0134582058238412,"wa"
"1394",53,3,4,71410,0.0105969774054812,"wa"
"1395",53,3,5,72374,0.0107400314065859,"wa"
"1396",53,4,1,381855,0.0566658564230504,"wa"
"1397",53,4,2,15901,0.00235964903689339,"wa"
"1398",53,4,3,25016,0.00371228100791932,"wa"
"1399",53,4,4,31196,0.00462936993616289,"wa"
"1400",53,4,5,20674,0.00306794441788151,"wa"
"1401",53,5,1,782376,0.116101677560437,"wa"
"1402",53,5,2,21033,0.003121218677629,"wa"
"1403",53,5,3,32916,0.00488461151489735,"wa"
"1404",53,5,4,101079,0.0149997462423839,"wa"
"1405",53,5,5,29860,0.00443111252384357,"wa"
"1406",53,6,1,409223,0.0607271654502625,"wa"
"1407",53,6,2,9555,0.0014179263283766,"wa"
"1408",53,6,3,15249,0.00226289467100102,"wa"
"1409",53,6,4,59645,0.00885109532768418,"wa"
"1410",53,6,5,13745,0.00203970668587508,"wa"
"1411",54,1,1,577155,0.311894583084074,"wv"
"1412",54,1,2,19674,0.0106318303187117,"wv"
"1413",54,1,3,10452,0.00564826118182246,"wv"
"1414",54,1,4,3963,0.00214160534477252,"wv"
"1415",54,1,5,18827,0.0101741114877699,"wv"
"1416",54,2,1,556175,0.300556990317653,"wv"
"1417",54,2,2,17558,0.00948834384141204,"wv"
"1418",54,2,3,4318,0.00233344735774104,"wv"
"1419",54,2,4,1273,0.000687929246504017,"wv"
"1420",54,2,5,7408,0.00400328347062196,"wv"
"1421",54,3,1,280692,0.151685967053971,"wv"
"1422",54,3,2,13172,0.00711814928118689,"wv"
"1423",54,3,3,3871,0.00209188854141167,"wv"
"1424",54,3,4,1301,0.000703060447526886,"wv"
"1425",54,3,5,6373,0.00344396943281233,"wv"
"1426",54,4,1,82351,0.0445024834083679,"wv"
"1427",54,4,2,2239,0.001209955681793,"wv"
"1428",54,4,3,577,0.000311810821078412,"wv"
"1429",54,4,4,370,0.000199948013516486,"wv"
"1430",54,4,5,1111,0.000600384440585988,"wv"
"1431",54,5,1,142536,0.0770264596069887,"wv"
"1432",54,5,2,3999,0.00216105974608764,"wv"
"1433",54,5,3,1632,0.000881932859618661,"wv"
"1434",54,5,4,2185,0.00118077407982033,"wv"
"1435",54,5,5,1594,0.000861397658230482,"wv"
"1436",54,6,1,82697,0.0446894618210076,"wv"
"1437",54,6,2,1845,0.000997038067399773,"wv"
"1438",54,6,3,1112,0.000600924840622519,"wv"
"1439",54,6,4,3311,0.00178926452095428,"wv"
"1440",54,6,5,710,0.00038368402593704,"wv"
"1441",55,1,1,1271958,0.223652016917231,"wi"
"1442",55,1,2,162267,0.0285318712010211,"wi"
"1443",55,1,3,205828,0.0361913265516942,"wi"
"1444",55,1,4,53803,0.00946033553481939,"wi"
"1445",55,1,5,74072,0.0130242918375396,"wi"
"1446",55,2,1,1260759,0.221682864683073,"wi"
"1447",55,2,2,76741,0.0134935897492254,"wi"
"1448",55,2,3,59487,0.010459769528833,"wi"
"1449",55,2,4,17102,0.00300709362519713,"wi"
"1450",55,2,5,23857,0.00419484461561969,"wi"
"1451",55,3,1,901981,0.158597901716111,"wi"
"1452",55,3,2,64438,0.0113303180341745,"wi"
"1453",55,3,3,39790,0.00699638962382141,"wi"
"1454",55,3,4,18979,0.00333713190928642,"wi"
"1455",55,3,5,22064,0.00387957629203307,"wi"
"1456",55,4,1,350424,0.061616055228399,"wi"
"1457",55,4,2,13713,0.00241119605205989,"wi"
"1458",55,4,3,8969,0.00157704494938563,"wi"
"1459",55,4,4,4470,0.000785972898177475,"wi"
"1460",55,4,5,6330,0.00111302202359361,"wi"
"1461",55,5,1,648281,0.113989104340803,"wi"
"1462",55,5,2,17845,0.00313773744250046,"wi"
"1463",55,5,3,13583,0.00238833777985339,"wi"
"1464",55,5,4,17171,0.00301922609275289,"wi"
"1465",55,5,5,8710,0.00153150423783575,"wi"
"1466",55,6,1,306894,0.0539620506964828,"wi"
"1467",55,6,2,9260,0.00162821231255557,"wi"
"1468",55,6,3,7058,0.00124102834795003,"wi"
"1469",55,6,4,17386,0.00305703015832519,"wi"
"1470",55,6,5,3999,0.00070315561964468,"wi"
"1471",56,1,1,133314,0.236875069962314,"wy"
"1472",56,1,2,1158,0.00205755832858034,"wy"
"1473",56,1,3,25327,0.0450015369498741,"wy"
"1474",56,1,4,1092,0.00194028816477524,"wy"
"1475",56,1,5,10741,0.0190848307489477,"wy"
"1476",56,2,1,115823,0.205796699733299,"wy"
"1477",56,2,2,1527,0.00271320515349065,"wy"
"1478",56,2,3,11393,0.0202433178216889,"wy"
"1479",56,2,4,823,0.00146232340623629,"wy"
"1480",56,2,5,3678,0.00653514640113859,"wy"
"1481",56,3,1,109093,0.193838696666507,"wy"
"1482",56,3,2,759,0.00134860688375862,"wy"
"1483",56,3,3,8210,0.0145876976490886,"wy"
"1484",56,3,4,787,0.0013983578623426,"wy"
"1485",56,3,5,4475,0.00795127247011832,"wy"
"1486",56,4,1,36524,0.0648965979214752,"wy"
"1487",56,4,2,290,0.000515277992476941,"wy"
"1488",56,4,3,1992,0.00353942676211747,"wy"
"1489",56,4,4,128,0.00022743304495534,"wy"
"1490",56,4,5,1188,0.00211086294849175,"wy"
"1491",56,5,1,58744,0.104377553069191,"wy"
"1492",56,5,2,293,0.000520608454468082,"wy"
"1493",56,5,3,2179,0.00387169222623191,"wy"
"1494",56,5,4,742,0.00131840093247548,"wy"
"1495",56,5,5,1186,0.00210730930716432,"wy"
"1496",56,6,1,28630,0.0508703756021201,"wy"
"1497",56,6,2,268,0.000476187937875242,"wy"
"1498",56,6,3,1209,0.00214817618242973,"wy"
"1499",56,6,4,868,0.0015422803361034,"wy"
"1500",56,6,5,362,0.00064320908026432,"wy"
"1501",11,1,1,19402,0.032029239350963,"dc"
"1502",11,1,2,111499,0.184064949922329,"dc"
"1503",11,1,3,28233,0.046607644294183,"dc"
"1504",11,1,4,3203,0.00528758136486623,"dc"
"1505",11,1,5,3953,0.00652569751336753,"dc"
"1506",11,2,1,7321,0.012085664430904,"dc"
"1507",11,2,2,79265,0.130852368681274,"dc"
"1508",11,2,3,6727,0.011105076441291,"dc"
"1509",11,2,4,1332,0.00219889427973831,"dc"
"1510",11,2,5,1384,0.00228473699936774,"dc"
"1511",11,3,1,26281,0.0433852406650169,"dc"
"1512",11,3,2,56984,0.0940704141415976,"dc"
"1513",11,3,3,6754,0.0111496486226371,"dc"
"1514",11,3,4,2404,0.00396857496132951,"dc"
"1515",11,3,5,2569,0.00424096051399979,"dc"
"1516",11,4,1,3435,0.00567057196013596,"dc"
"1517",11,4,2,8885,0.0146675493059121,"dc"
"1518",11,4,3,1021,0.00168548878349311,"dc"
"1519",11,4,4,329,0.000543120283809238,"dc"
"1520",11,4,5,229,0.000378038130675731,"dc"
"1521",11,5,1,71308,0.117716781756441,"dc"
"1522",11,5,2,27198,0.0448990440092512,"dc"
"1523",11,5,3,6367,0.0105107806900104,"dc"
"1524",11,5,4,6247,0.0103126821062502,"dc"
"1525",11,5,5,2463,0.00406597343167827,"dc"
"1526",11,6,1,81942,0.135271617920658,"dc"
"1527",11,6,2,21011,0.0346854111948811,"dc"
"1528",11,6,3,7083,0.0116927689064463,"dc"
"1529",11,6,4,7754,0.0128004701539721,"dc"
"1530",11,6,5,3176,0.00524300918352018,"dc"
